{
    "type": "collection",
    "arguments": {
        "galaxies": {
            "type": "collection",
            "arguments": {
                "galaxy": {
                    "class_path": "autogalaxy.galaxy.galaxy.Galaxy",
                    "type": "model",
                    "arguments": {
                        "redshift": {
                            "type": "Constant",
                            "value": 0.5
                        },
                        "bulge": {
                            "class_path": "autogalaxy.profiles.light.linear.sersic.Sersic",
                            "type": "model",
                            "arguments": {
                                "centre": {
                                    "type": "tuple_prior",
                                    "arguments": {
                                        "centre_0": {
                                            "type": "Gaussian",
                                            "id": 6,
                                            "mean": 0.0,
                                            "sigma": 0.3
                                        },
                                        "centre_1": {
                                            "type": "Gaussian",
                                            "id": 7,
                                            "mean": 0.0,
                                            "sigma": 0.3
                                        }
                                    }
                                },
                                "ell_comps": {
                                    "type": "tuple_prior",
                                    "arguments": {
                                        "ell_comps_0": {
                                            "type": "TruncatedGaussian",
                                            "id": 2,
                                            "mean": 0.0,
                                            "sigma": 0.3,
                                            "lower_limit": -1.0,
                                            "upper_limit": 1.0
                                        },
                                        "ell_comps_1": {
                                            "type": "TruncatedGaussian",
                                            "id": 3,
                                            "mean": 0.0,
                                            "sigma": 0.3,
                                            "lower_limit": -1.0,
                                            "upper_limit": 1.0
                                        }
                                    }
                                },
                                "effective_radius": {
                                    "type": "Uniform",
                                    "id": 4,
                                    "lower_limit": 0.0,
                                    "upper_limit": 30.0
                                },
                                "sersic_index": {
                                    "type": "Uniform",
                                    "id": 5,
                                    "lower_limit": 0.8,
                                    "upper_limit": 5.0
                                }
                            }
                        },
                        "disk": {
                            "class_path": "autogalaxy.profiles.light.linear.exponential.Exponential",
                            "type": "model",
                            "arguments": {
                                "centre": {
                                    "type": "tuple_prior",
                                    "arguments": {
                                        "centre_0": {
                                            "type": "Gaussian",
                                            "id": 6,
                                            "mean": 0.0,
                                            "sigma": 0.3
                                        },
                                        "centre_1": {
                                            "type": "Gaussian",
                                            "id": 7,
                                            "mean": 0.0,
                                            "sigma": 0.3
                                        }
                                    }
                                },
                                "ell_comps": {
                                    "type": "tuple_prior",
                                    "arguments": {
                                        "ell_comps_0": {
                                            "type": "TruncatedGaussian",
                                            "id": 8,
                                            "mean": 0.0,
                                            "sigma": 0.3,
                                            "lower_limit": -1.0,
                                            "upper_limit": 1.0
                                        },
                                        "ell_comps_1": {
                                            "type": "TruncatedGaussian",
                                            "id": 9,
                                            "mean": 0.0,
                                            "sigma": 0.3,
                                            "lower_limit": -1.0,
                                            "upper_limit": 1.0
                                        }
                                    }
                                },
                                "effective_radius": {
                                    "type": "Uniform",
                                    "id": 10,
                                    "lower_limit": 0.0,
                                    "upper_limit": 30.0
                                }
                            }
                        }
                    }
                }
            }
        },
        "extra_galaxies": {
            "type": "collection",
            "arguments": {
                "0": {
                    "class_path": "autogalaxy.galaxy.galaxy.Galaxy",
                    "type": "model",
                    "arguments": {
                        "redshift": {
                            "type": "Constant",
                            "value": 0.5
                        },
                        "bulge": {
                            "class_path": "autogalaxy.profiles.light.linear.sersic.SersicSph",
                            "type": "model",
                            "arguments": {
                                "centre": {
                                    "type": "ndarray",
                                    "array": [
                                        1.0,
                                        3.5
                                    ],
                                    "dtype": "float64"
                                },
                                "effective_radius": {
                                    "type": "Uniform",
                                    "id": 13,
                                    "lower_limit": 0.0,
                                    "upper_limit": 30.0
                                },
                                "sersic_index": {
                                    "type": "Uniform",
                                    "id": 14,
                                    "lower_limit": 0.8,
                                    "upper_limit": 5.0
                                }
                            }
                        }
                    }
                },
                "1": {
                    "class_path": "autogalaxy.galaxy.galaxy.Galaxy",
                    "type": "model",
                    "arguments": {
                        "redshift": {
                            "type": "Constant",
                            "value": 0.5
                        },
                        "bulge": {
                            "class_path": "autogalaxy.profiles.light.linear.sersic.SersicSph",
                            "type": "model",
                            "arguments": {
                                "centre": {
                                    "type": "ndarray",
                                    "array": [
                                        -2.0,
                                        -3.5
                                    ],
                                    "dtype": "float64"
                                },
                                "effective_radius": {
                                    "type": "Uniform",
                                    "id": 17,
                                    "lower_limit": 0.0,
                                    "upper_limit": 30.0
                                },
                                "sersic_index": {
                                    "type": "Uniform",
                                    "id": 18,
                                    "lower_limit": 0.8,
                                    "upper_limit": 5.0
                                }
                            }
                        }
                    }
                }
            }
        }
    }
}