{
    "type": "instance",
    "class_path": "autofit.non_linear.samples.summary.SamplesSummary",
    "arguments": {
        "values_at_sigma_1": {
            "type": "dict",
            "arguments": {
                "galaxies.galaxy.bulge.ell_comps.ell_comps_0": {
                    "type": "tuple",
                    "values": [
                        -0.6004104314235846,
                        0.6781403617154624
                    ]
                },
                "galaxies.galaxy.bulge.ell_comps.ell_comps_1": {
                    "type": "tuple",
                    "values": [
                        -0.7740494533055692,
                        0.7493580427653468
                    ]
                },
                "galaxies.galaxy.bulge.effective_radius": {
                    "type": "tuple",
                    "values": [
                        0.09140261779861714,
                        29.985282975677823
                    ]
                },
                "galaxies.galaxy.bulge.sersic_index": {
                    "type": "tuple",
                    "values": [
                        0.8181338000545869,
                        4.995908768558284
                    ]
                },
                "galaxies.galaxy.bulge.centre.centre_0": {
                    "type": "tuple",
                    "values": [
                        -0.7214495008169339,
                        0.8716167413417627
                    ]
                },
                "galaxies.galaxy.bulge.centre.centre_1": {
                    "type": "tuple",
                    "values": [
                        -0.7256703355119816,
                        0.7507023891717426
                    ]
                },
                "galaxies.galaxy.disk.ell_comps.ell_comps_0": {
                    "type": "tuple",
                    "values": [
                        -0.8190619547419423,
                        0.7246314816821722
                    ]
                },
                "galaxies.galaxy.disk.ell_comps.ell_comps_1": {
                    "type": "tuple",
                    "values": [
                        -0.5464988173876493,
                        0.6796143332220418
                    ]
                },
                "galaxies.galaxy.disk.effective_radius": {
                    "type": "tuple",
                    "values": [
                        0.02552909536931769,
                        29.96139069557439
                    ]
                },
                "extra_galaxies.0.bulge.effective_radius": {
                    "type": "tuple",
                    "values": [
                        0.08022150092543257,
                        29.636648750226026
                    ]
                },
                "extra_galaxies.0.bulge.sersic_index": {
                    "type": "tuple",
                    "values": [
                        0.8300379055769684,
                        4.99264252537886
                    ]
                },
                "extra_galaxies.1.bulge.effective_radius": {
                    "type": "tuple",
                    "values": [
                        1.9818885491285931,
                        29.374066438647187
                    ]
                },
                "extra_galaxies.1.bulge.sersic_index": {
                    "type": "tuple",
                    "values": [
                        0.8019398884775194,
                        4.979441258114441
                    ]
                }
            }
        },
        "max_log_likelihood_sample": {
            "type": "instance",
            "class_path": "autofit.non_linear.samples.sample.Sample",
            "arguments": {
                "log_likelihood": -185327.84997190398,
                "log_prior": 4.531330746230104,
                "weight": 1.0,
                "kwargs": {
                    "type": "dict",
                    "arguments": {
                        "galaxies.galaxy.bulge.ell_comps.ell_comps_0": 0.017479601842030793,
                        "galaxies.galaxy.bulge.ell_comps.ell_comps_1": 0.20593674106066626,
                        "galaxies.galaxy.bulge.effective_radius": 0.7025436654294082,
                        "galaxies.galaxy.bulge.sersic_index": 0.9315756607620123,
                        "galaxies.galaxy.disk.centre.centre_0": 0.8716167413417627,
                        "galaxies.galaxy.disk.centre.centre_1": 0.1117049584096613,
                        "galaxies.galaxy.disk.ell_comps.ell_comps_0": 0.29420776673823756,
                        "galaxies.galaxy.disk.ell_comps.ell_comps_1": -0.18199809538351558,
                        "galaxies.galaxy.disk.effective_radius": 1.8199826349253245,
                        "extra_galaxies.0.bulge.effective_radius": 16.35612257058201,
                        "extra_galaxies.0.bulge.sersic_index": 4.840151769177833,
                        "extra_galaxies.1.bulge.effective_radius": 1.9818885491285931,
                        "extra_galaxies.1.bulge.sersic_index": 4.248021323261066
                    }
                }
            }
        },
        "median_pdf_sample": {
            "type": "instance",
            "class_path": "autofit.non_linear.samples.sample.Sample",
            "arguments": {
                "log_likelihood": -185327.84997190398,
                "log_prior": 4.531330746230104,
                "weight": 1.0,
                "kwargs": {
                    "type": "dict",
                    "arguments": {
                        "galaxies.galaxy.bulge.ell_comps.ell_comps_0": 0.017479601842030793,
                        "galaxies.galaxy.bulge.ell_comps.ell_comps_1": 0.20593674106066626,
                        "galaxies.galaxy.bulge.effective_radius": 0.7025436654294082,
                        "galaxies.galaxy.bulge.sersic_index": 0.9315756607620123,
                        "galaxies.galaxy.disk.centre.centre_0": 0.8716167413417627,
                        "galaxies.galaxy.disk.centre.centre_1": 0.1117049584096613,
                        "galaxies.galaxy.disk.ell_comps.ell_comps_0": 0.29420776673823756,
                        "galaxies.galaxy.disk.ell_comps.ell_comps_1": -0.18199809538351558,
                        "galaxies.galaxy.disk.effective_radius": 1.8199826349253245,
                        "extra_galaxies.0.bulge.effective_radius": 16.35612257058201,
                        "extra_galaxies.0.bulge.sersic_index": 4.840151769177833,
                        "extra_galaxies.1.bulge.effective_radius": 1.9818885491285931,
                        "extra_galaxies.1.bulge.sersic_index": 4.248021323261066
                    }
                }
            }
        },
        "model": null,
        "errors_at_sigma_1": {
            "type": "dict",
            "arguments": {
                "galaxies.galaxy.bulge.ell_comps.ell_comps_0": {
                    "type": "tuple",
                    "values": [
                        0.6178900332656154,
                        0.6606607598734316
                    ]
                },
                "galaxies.galaxy.bulge.ell_comps.ell_comps_1": {
                    "type": "tuple",
                    "values": [
                        0.9799861943662355,
                        0.5434213017046805
                    ]
                },
                "galaxies.galaxy.bulge.effective_radius": {
                    "type": "tuple",
                    "values": [
                        0.611141047630791,
                        29.282739310248413
                    ]
                },
                "galaxies.galaxy.bulge.sersic_index": {
                    "type": "tuple",
                    "values": [
                        0.11344186070742535,
                        4.064333107796271
                    ]
                },
                "galaxies.galaxy.bulge.centre.centre_0": {
                    "type": "tuple",
                    "values": [
                        1.5930662421586965,
                        0.0
                    ]
                },
                "galaxies.galaxy.bulge.centre.centre_1": {
                    "type": "tuple",
                    "values": [
                        0.8373752939216429,
                        0.6389974307620813
                    ]
                },
                "galaxies.galaxy.disk.ell_comps.ell_comps_0": {
                    "type": "tuple",
                    "values": [
                        1.1132697214801799,
                        0.4304237149439346
                    ]
                },
                "galaxies.galaxy.disk.ell_comps.ell_comps_1": {
                    "type": "tuple",
                    "values": [
                        0.3645007220041337,
                        0.8616124286055573
                    ]
                },
                "galaxies.galaxy.disk.effective_radius": {
                    "type": "tuple",
                    "values": [
                        1.7944535395560068,
                        28.141408060649066
                    ]
                },
                "extra_galaxies.0.bulge.effective_radius": {
                    "type": "tuple",
                    "values": [
                        16.275901069656577,
                        13.280526179644017
                    ]
                },
                "extra_galaxies.0.bulge.sersic_index": {
                    "type": "tuple",
                    "values": [
                        4.010113863600864,
                        0.15249075620102737
                    ]
                },
                "extra_galaxies.1.bulge.effective_radius": {
                    "type": "tuple",
                    "values": [
                        0.0,
                        27.392177889518592
                    ]
                },
                "extra_galaxies.1.bulge.sersic_index": {
                    "type": "tuple",
                    "values": [
                        3.446081434783547,
                        0.731419934853375
                    ]
                }
            }
        },
        "log_evidence": -185332.45514208998,
        "errors_at_sigma_3": {
            "type": "dict",
            "arguments": {
                "galaxies.galaxy.bulge.ell_comps.ell_comps_0": {
                    "type": "tuple",
                    "values": [
                        0.6178900332656154,
                        0.6606607598734316
                    ]
                },
                "galaxies.galaxy.bulge.ell_comps.ell_comps_1": {
                    "type": "tuple",
                    "values": [
                        0.9799861943662355,
                        0.5434213017046805
                    ]
                },
                "galaxies.galaxy.bulge.effective_radius": {
                    "type": "tuple",
                    "values": [
                        0.611141047630791,
                        29.282739310248413
                    ]
                },
                "galaxies.galaxy.bulge.sersic_index": {
                    "type": "tuple",
                    "values": [
                        0.11344186070742535,
                        4.064333107796271
                    ]
                },
                "galaxies.galaxy.bulge.centre.centre_0": {
                    "type": "tuple",
                    "values": [
                        1.5930662421586965,
                        0.0
                    ]
                },
                "galaxies.galaxy.bulge.centre.centre_1": {
                    "type": "tuple",
                    "values": [
                        0.8373752939216429,
                        0.6389974307620813
                    ]
                },
                "galaxies.galaxy.disk.ell_comps.ell_comps_0": {
                    "type": "tuple",
                    "values": [
                        1.1132697214801799,
                        0.4304237149439346
                    ]
                },
                "galaxies.galaxy.disk.ell_comps.ell_comps_1": {
                    "type": "tuple",
                    "values": [
                        0.3645007220041337,
                        0.8616124286055573
                    ]
                },
                "galaxies.galaxy.disk.effective_radius": {
                    "type": "tuple",
                    "values": [
                        1.7944535395560068,
                        28.141408060649066
                    ]
                },
                "extra_galaxies.0.bulge.effective_radius": {
                    "type": "tuple",
                    "values": [
                        16.275901069656577,
                        13.280526179644017
                    ]
                },
                "extra_galaxies.0.bulge.sersic_index": {
                    "type": "tuple",
                    "values": [
                        4.010113863600864,
                        0.15249075620102737
                    ]
                },
                "extra_galaxies.1.bulge.effective_radius": {
                    "type": "tuple",
                    "values": [
                        0.0,
                        27.392177889518592
                    ]
                },
                "extra_galaxies.1.bulge.sersic_index": {
                    "type": "tuple",
                    "values": [
                        3.446081434783547,
                        0.731419934853375
                    ]
                }
            }
        },
        "values_at_sigma_3": {
            "type": "dict",
            "arguments": {
                "galaxies.galaxy.bulge.ell_comps.ell_comps_0": {
                    "type": "tuple",
                    "values": [
                        -0.6004104314235846,
                        0.6781403617154624
                    ]
                },
                "galaxies.galaxy.bulge.ell_comps.ell_comps_1": {
                    "type": "tuple",
                    "values": [
                        -0.7740494533055692,
                        0.7493580427653468
                    ]
                },
                "galaxies.galaxy.bulge.effective_radius": {
                    "type": "tuple",
                    "values": [
                        0.09140261779861714,
                        29.985282975677823
                    ]
                },
                "galaxies.galaxy.bulge.sersic_index": {
                    "type": "tuple",
                    "values": [
                        0.8181338000545869,
                        4.995908768558284
                    ]
                },
                "galaxies.galaxy.bulge.centre.centre_0": {
                    "type": "tuple",
                    "values": [
                        -0.7214495008169339,
                        0.8716167413417627
                    ]
                },
                "galaxies.galaxy.bulge.centre.centre_1": {
                    "type": "tuple",
                    "values": [
                        -0.7256703355119816,
                        0.7507023891717426
                    ]
                },
                "galaxies.galaxy.disk.ell_comps.ell_comps_0": {
                    "type": "tuple",
                    "values": [
                        -0.8190619547419423,
                        0.7246314816821722
                    ]
                },
                "galaxies.galaxy.disk.ell_comps.ell_comps_1": {
                    "type": "tuple",
                    "values": [
                        -0.5464988173876493,
                        0.6796143332220418
                    ]
                },
                "galaxies.galaxy.disk.effective_radius": {
                    "type": "tuple",
                    "values": [
                        0.02552909536931769,
                        29.96139069557439
                    ]
                },
                "extra_galaxies.0.bulge.effective_radius": {
                    "type": "tuple",
                    "values": [
                        0.08022150092543257,
                        29.636648750226026
                    ]
                },
                "extra_galaxies.0.bulge.sersic_index": {
                    "type": "tuple",
                    "values": [
                        0.8300379055769684,
                        4.99264252537886
                    ]
                },
                "extra_galaxies.1.bulge.effective_radius": {
                    "type": "tuple",
                    "values": [
                        1.9818885491285931,
                        29.374066438647187
                    ]
                },
                "extra_galaxies.1.bulge.sersic_index": {
                    "type": "tuple",
                    "values": [
                        0.8019398884775194,
                        4.979441258114441
                    ]
                }
            }
        }
    }
}