galaxies.galaxy.bulge.centre.centre_0,galaxies.galaxy.bulge.centre.centre_1,galaxies.galaxy.bulge.ell_comps.ell_comps_0,galaxies.galaxy.bulge.ell_comps.ell_comps_1,galaxies.galaxy.bulge.effective_radius,galaxies.galaxy.bulge.sersic_index,galaxies.galaxy.disk.centre.centre_0,galaxies.galaxy.disk.centre.centre_1,galaxies.galaxy.disk.ell_comps.ell_comps_0,galaxies.galaxy.disk.ell_comps.ell_comps_1,galaxies.galaxy.disk.effective_radius,     log_likelihood,             log_prior,      log_posterior,weight
                  -0.3911024964213523,                   -0.196867052103769,                        0.46481821345868735,                        0.15378404365598206,                     2.101593492408893,                 4.269629563302812,                -0.30113152423948003,                -0.09075598251835554,                        0.0936095396408813,                      -0.10591284777813244,                    5.425383251706043, -91472.79873085428,    1.3155091589710994, -91471.48322169531,   0.0
                 -0.06951368281502207,                  -0.0526600069292293,                       -0.39232912200254083,                        -0.6148116080490948,                     9.401061357596154,                 4.556082885276558,                 -0.4106315736454526,               -0.002745431923670911,                      -0.43904912460141593,                       0.10834830170605127,                   16.017417491953044, -96178.93642981237,   -1.9685838845962094, -96180.90501369696,   0.0
                  0.07274055711654727,                   0.4923217493533875,                        0.06519846132046073,                       0.009410597092864821,                    2.0300764224273027,                 4.458371086226809,                -0.06609120784015736,                -0.42502935475791725,                       0.15300574408449874,                      -0.18991593628402864,                      22.736824007908,   -86693.203595605,    3.1928581208581748, -86690.01073748413,   0.0
                  0.36329639724221224,                  -0.4035844887992957,                       -0.32284930827443786,                        -0.2590532031708891,                    29.076731654747952,                 4.125354448649513,                -0.24785958174501332,                 -0.1098858859766019,                       0.03209569266225402,                      -0.06209538483330531,                   26.217171513776236, -80763.75665375254,    2.2110587286069023, -80761.54559502394,   0.0
                  0.49647643346415216,                 0.008704449978648112,                       -0.04282063340720732,                       -0.20956968157811698,                    19.527166227785685,                3.4643184422287403,                -0.18625386706595948,                  -0.108097342285738,                      -0.11165249110026401,                       0.31229986511990276,                    7.513950608453142,   -85528.642298094,    1.9057355531582303, -85526.73656254084,   0.0
                -0.008047352999359002,                    0.543031413364499,                       -0.32541064569183153,                        0.07372071011246571,                    26.400942420475094,                 4.479137434700823,                  0.0773129788820165,                 -0.2891430182615769,                       0.07569134926190058,                       -0.5358274543884615,                    18.71427123670906,  -69744.7723343907,     1.034469845432524, -69743.73786454527,   0.0
                 -0.24123332914906503,                  -0.4661671038960748,                       -0.32969774612465663,                       -0.15363399430207678,                     9.948035808173254,                2.9624660083871515,                 0.01674955036873436,                -0.06689843176498708,                       -0.6318550667664974,                      -0.15444982279532962,                    8.057441055161679, -83617.87983524254,  -0.38497532430597114, -83618.26481056685,   0.0
                   0.1269493625745856,                 0.033590692356303846,                        0.20497131373722807,                       -0.21497005036209796,                    11.008038982704845,                1.2135885355699552,                -0.38855495881626445,                  0.3703189869376157,                      -0.17231721492383636,                       0.12353354287231029,                    17.43470262587482,-125087.36253601876,    2.1001069440510745, -125085.2624290747,   0.0
                  0.32793935032648586,                  0.41939772711746093,                         0.5957557529204046,                        -0.3801659875711991,                    18.438159122898803,                3.7617910450653893,                -0.24869849154811363,                -0.08838312487223687,                      -0.18882208260406425,                      -0.14431709058919392,                    9.021809194329233,-116800.09726538685,  0.016731544655461422,-116800.08053384219,   0.0
                    0.311516890763707,                  0.17261634027539655,                        -0.3056911999432896,                       -0.31743032685548206,                    12.239860058769148,                 2.456753886286645,                 0.02373422834930779,               -0.013300837554949334,                       -0.0742974117392897,                       -0.2225753254851622,                    5.152690799727356, -92083.71237893194,    0.4675176907349047, -92083.24486124121,   0.0
                  -0.3755000467563527,                 -0.14751907075746937,                      -0.028278175563251746,                         0.3074159666177326,                    23.026819745312515,                1.7135187991001857,                -0.15629047383432265,                -0.05594543078037323,                      0.013680279724232297,                       0.47660322570033764,                    28.40601697678465, -116564.7016823464,    0.4084418643010078,-116564.29324048209,   0.0
                  0.03810681895266805,                   0.1793936459532841,                       -0.24045416410021825,                       -0.10763580499977936,                     7.458243580184501,                2.6959654582143413,                -0.03966849362472926,                -0.05879686957578326,                      -0.47915452047765117,                      0.027197480101078895,                    6.067585919646995, -54990.13380005461,  -0.30680428066209686, -54990.44060433527,   0.0
                  -0.1324155540654197,                  -0.4451801121799416,                        0.34642502740662656,                        -0.1922422809832679,                    27.721127268755854,                2.5894483428675663,                 0.07490232240036232,                 -0.1833841957865899,                      -0.25809984983370926,                     -0.008846717434049212,                   2.4822136067888465,-59257.645287794614,    1.3174496035102243,  -59256.3278381911,   0.0
                  -0.2684858328360652,                  -0.2673056586501458,                       -0.12566877119517672,                       -0.10236266532768441,                    12.586075614689015,                2.1229557110923234,                  0.0422869892786337,                  0.4811426294723303,                       -0.3248189654061825,                      -0.20355363107908594,                    24.76103459169307, -94368.91581007517,     2.274744266392224, -94366.64106580877,   0.0
                 -0.12760073815421602,                  0.08024471445921004,                       -0.09113958531961343,                       -0.19827563713248522,                    19.392455209398523,                2.4114615645104465,                0.025195287103120603,                 -0.1035308956845252,                      -0.13453656146890214,                       -0.6384586732174401,                   1.1858549143231267, -87900.73239099151,   -1.2968434294940572,   -87902.029234421,   0.0
                   0.4069756712307124,                 -0.17854500793783118,                       0.035414187416762624,                        -0.1288599045912498,                     27.48118871737698,                1.4003838722937405,                -0.46869357172606635,                  0.1516223951159678,                       0.39672512717016223,                       0.24300350821170597,                     6.26948805563353,-125052.06344644826,    2.2872930435037175,-125049.77615340476,   0.0
                  0.28765019871512687,                 -0.07380529876817055,                        -0.1914118340898024,                       -0.14388522601529402,                    1.1214737116703932,                2.9823208394606224,                -0.27279134377368863,                -0.21532331912159913,                        0.5259947901454142,                       0.33990424857435764,                   1.0346443272843064, -48106.24487458578,  -0.19297205932861106,  -48106.4378466451,   0.0
                  -0.1159907613073989,                  0.05638404051809147,                       -0.15326476697681893,                       -0.09686107813165044,                    15.247411619906426,                1.8702750935075192,                  -0.256108125241827,                -0.19421627735838365,                      -0.14958597856052283,                     0.0011924088713625397,                   3.7315029134188613, -90615.22624836225,    1.5029866344332858, -90613.72326172782,   0.0
                  -0.4272758482534666,                    0.510917243623659,                        -0.3227373737603057,                        0.37005781632112883,                    18.118585985543998,                 3.635436521965655,                 -0.1984452469134092,                -0.07974379328516297,                       0.26844667271652745,                     -0.019286206763145023,                   29.504009157422225, -78221.56612689637,    2.1202537919403026, -78219.44587310443,   0.0
                   0.6351513683887695,                  0.12443798169906962,                        0.40237137280445023,                         0.4468356413006829,                    24.817880782279694,                1.4757052661636025,                -0.39740030832942225,                 -0.5656074009337142,                         0.422212505645383,                        0.2928276425843578,                   10.593671774234942,-129810.38905592648,    2.6500408681401884,-129807.73901505834,   0.0
                  0.24588625658520818,                  -0.2351431522601501,                         0.2958614165158625,                       -0.21823275196882036,                    2.2296924184197287,                 1.102586703870965,                 0.06088577628616005,               -0.040401076694455314,                       0.08140402506038885,                       0.20978179081676687,                    8.644388352913605,-100108.39848466114,    0.7841107691546707,  -100107.614373892,   0.0
                  0.15141592420807465,                 -0.23432466421393572,                         0.5389358372308218,                       -0.03136224545837289,                     26.21914505567185,                2.6754655208923843,                -0.23811220575959546,                -0.07061498139768453,                       0.06300709083093439,                       0.26484393151145674,                    6.749246859506912,-114362.86961914007,  -0.11214507122551583,-114362.98176421129,   0.0
                 -0.16706661688177832,                  -0.1095193455898098,                       -0.03597695447957959,                        -0.3322826371774889,                    11.008542944565122,                0.9336814663886511,                 0.31753200741705645,                 -0.3829418674468998,                      -0.23919091625511543,                      -0.13417782338960418,                   25.749095961607022,-130192.24594652191,    1.7016527972968634,-130190.54429372461,   0.0
                  0.33683263663339813,                 -0.12042613674534168,                       -0.14251527927931373,                         0.2409512247483615,                     2.781344602405275,                2.7493262508541987,                -0.43021422529406245,                 -0.1507682010781313,                        0.3483399917505378,                      -0.05199312688718493,                   19.978675653271736, -44351.79332850267,     1.884470357305037, -44349.90885814536,   0.0
                  -0.2575557087899101,                  0.31228188672992746,                       -0.30984695188967987,                        0.40943375372969243,                     23.42755496943293,                1.5047555083749462,                 0.20894389954490306,                  0.6870543329827924,                      -0.12091705128575483,                       -0.3923250259131067,                   18.480013738664898,-115827.05937918033,     2.517877362955092,-115824.54150181737,   0.0
                  0.17947337173766376,                  0.26442713497413994,                          0.411599063292225,                        0.17612223004375718,                    15.154374302559154,                3.0404416169710355,                -0.10377281516593213,                -0.38738014619242606,                       0.21381051403567344,                      -0.09603612215435958,                   2.6084966780282013, -93296.96098216511,    1.1857592308235014, -93295.77522293429,   0.0
                  0.09899228572974246,                  -0.2341229349386607,                        0.08080809210780708,                       -0.11663132030228611,                     29.31376140794241,                 4.585877550876607,                -0.23906422727903773,                   0.296633150459338,                      -0.37767595582425245,                       -0.3108823920584014,                    4.741222806301472, -65806.02211012866,    0.8676607634523671,  -65805.1544493652,   0.0
                  -0.2116168981719794,                -0.009507365375699248,                        0.23761708162082962,                       -0.43279500740066285,                    0.6957037931849575,                2.4428926106091575,                 -0.3819507832913281,                -0.05352980395537026,                        0.2700725938078966,                       0.09596103446715178,                     9.23358457373915, -73225.43219841723,    0.4085867095447736, -73225.02361170769,   0.0
                 -0.05508362875233471,                  -0.3879004930798619,                       0.019372998709223065,                        0.14973459830837038,                     8.073250524640695,                 1.332291917341669,                -0.18659683702312876,                -0.10569114921419634,                       0.06261456886471843,                      -0.21141185864622059,                    26.61128857299149,-107284.47757891555,    1.8551192411661757,-107282.62245967439,   0.0
                  -0.1053269422325744,                 -0.03277268174712132,                         -0.612116961275092,                        0.13302935610445782,                    14.610526756760759,                 4.163500412898256,                 -0.2868857095830268,                  0.4795493365517159,                       0.12535075022390282,                      0.018174853835269688,                   13.029082748886397,-62867.662852437556,    0.6769692086206422, -62866.98588322893,   0.0
                  -0.5227905776681924,                   -0.192756014348021,                       -0.30220880584930643,                       -0.15739478539047363,                    22.383906389167997,                3.5579803147600515,                -0.22550013616764175,                 0.12921292924134142,                       0.08084925877462014,                        0.3840021020419209,                   2.5441141104954292, -72879.09047206107,     1.743091395417705, -72877.34738066565,   0.0
                  -0.1320899316183387,                  -0.7543131475886101,                        0.18417321733040695,                         0.6230627689345914,                      28.0325161144481,                3.8388682125173625,                 0.20171575260354255,                  -0.621081028504875,                      -0.31679546369570316,                      -0.36096658973523693,                   28.137332169947253, -108948.4724350612,    3.1440362115109926,-108945.32839884968,   0.0
                  -0.2852263714753134,                  0.17004803389921713,                         0.4970664287713482,                       -0.29496019082334995,                     9.758197543735893,                 4.383521354521138,                 0.11696503499328907,                 -0.6319790928947282,                       0.19585796682921644,                      -0.29033638439850473,                   28.090509367543405,-110140.28675205652,    1.5136638297740097,-110138.77308822675,   0.0
                  -0.6292312452784392,                  0.01992773400171947,                        -0.3005285966364984,                        -0.9501486366007377,                    10.525649506773131,                1.6088626476256715,                 -0.3881483287958963,                 0.09035423681089803,                     -0.035364207607757776,                       -0.4721879259017374,                     9.44342856358391,-126796.94067369257,   -2.5350947687298544, -126799.4757684613,   0.0
                   -0.313167263825535,                 -0.24633123513293542,                         0.3464788856481898,                       0.014966076438088685,                    25.067184706758365,                2.0167548290299973,                -0.16852795062408013,                 0.23552582289597723,                       -0.5320587275401402,                       0.16780365737382363,                   18.357342595323146,-120247.11573391886,   0.09418624797386829, -120247.0215476709,   0.0
                   0.0647027105812118,                  -0.6201860708674795,                           0.29895565088153,                     -0.0008662958713819671,                    11.646513875330598,                3.2853523622172727,                 -0.2513939669617918,                -0.16578469213527522,                     -0.051740040671692675,                       -0.4522199999622126,                   2.9083088607655325, -90891.43169297755,    2.1599349417842135, -90889.27175803577,   0.0
                   0.4543748846206538,                  0.13194810913975327,                        0.20941768809273498,                        0.04026206668898628,                    29.326125535211496,                1.2653424313485906,                  0.2627838549295628,               -0.010647879192942826,                      -0.10983560047514115,                       0.12465319997681212,                   25.209573772781667,-133580.28297519244,     2.365551538103461,-133577.91742365435,   0.0
                 -0.15218615302275681,                   -0.281428915336038,                         0.2177906440337931,                       -0.23626669215669419,                    15.086559902403948,                0.9867087030793744,                0.026788396627136366,                0.022068823135043734,                       0.09925015415066463,                      -0.11576489405327924,                    6.648365857003993,  -119033.604232306,     1.016130443302994, -119032.5881018627,   0.0
                   0.2636640890194095,                -0.036140431771888575,                        0.44407675439744465,                        0.34657514935987355,                     5.935416797738895,                1.8866582277742667,                -0.12921481691454928,               0.0005374850858509035,                         0.372063250729963,                      -0.07608788611664204,                   23.612637775592365,-113254.72528471924,   -0.9343027729300452,-113255.65958749218,   0.0
                 -0.01798582069131182,                 -0.14484599806468038,                         0.4316787755364802,                         0.3608177455384148,                    28.434404866164343,                1.7714073389619147,                 0.21325750753469125,                -0.09402750359748711,                     -0.012712920471704631,                        0.4310933112156611,                   5.1460190279901195,-104906.55650372169,   -1.2281805326637243,-104907.78468425435,   0.0
                 -0.02643139115054003,                 -0.08188043678027836,                        -0.4371584586448925,                       -0.03809280487562401,                     23.70110213088813,                2.0100355726198944,                 0.04603863729037798,                 0.36950872700141063,                       -0.2343797327571474,                       0.23233517165565604,                    13.43598947596772,-102137.48388542396,   0.28016664604471186,-102137.20371877792,   0.0
                 -0.48398998338999144,                  0.38478959023818504,                        0.19510977738806584,                       -0.21710517932552859,                    3.3836479235454933,                 4.970535949337406,                 -0.1637557412301324,                 0.03861746221561165,                       0.41402820462403006,                     -0.031189575036119126,                   1.1258085541055218, -86236.50243383985,    1.9936930185902808, -86234.50874082126,   0.0
                 0.027611197769798895,                  -0.2828536040935845,                          -0.28327050398499,                        -0.3419213197879451,                     4.212432003775445,                3.5556038348982826,                  0.1802444866640225,                  0.3452106786775695,                      -0.18761183669369752,                      -0.02515073155072842,                    8.216145542821602, -62468.30655250636,    1.1404815925039564, -62467.16607091385,   0.0
                 -0.16301474121627976,                  0.08862601936065571,                       -0.22279570106140034,                        -0.7504256360859574,                    13.849192759633706,                3.3745087410260703,                 0.23086509819655854,                  1.0523868574140762,                     -0.046880845046665114,                       -0.5778336058097439,                   24.386963590779516,-121064.16227648943,     2.512343924307372,-121061.64993256512,   0.0
                   0.2434396803166599,                 -0.22437204712191955,                         0.3479559888075632,                        -0.3565541418159647,                    29.747579261730706,                1.0390473266211213,               -0.005630936296634995,                  0.1343408472261589,                      -0.22185459229367693,                       -0.2935804043080191,                    12.62297872075145,-127615.23018790504,  -0.27825271453772554,-127615.50844061957,   0.0
                  -0.5102028051861506,                  0.06510487194908685,                         0.2339984065755416,                       -0.36304059396381677,                     15.98544812698195,                3.4384663243209292,                 0.02458529916055387,                -0.06707600827674393,                       -0.6176895976393036,                       -0.5333141369812665,                   11.942297555009873,-102723.06199247019,    -2.094589849757987,-102725.15658231995,   0.0
                 -0.24948071080133322,                   0.5211918325955351,                        -0.2209093869476827,                       -0.06691949464853865,                     10.82737246843331,                 4.687761822289209,                -0.26249317496158664,                 0.11826882795260231,                       -0.0779946273038098,                        0.1714574308523804,                    1.052880305732733,-33774.855472938725,    2.9658585157611395,-33771.889614422966,   0.0
                   0.3860372654878828,                  0.01817504494682374,                         0.3911751241961206,                         0.3245707226611962,                    22.775389625664403,                 4.596780630576153,                  0.4441240875445472,                 -0.4626626563451098,                        0.2777557677075188,                       0.35370495731784124,                    6.824007745562689,-100602.28620878699,    1.6993401862530784,-100600.58686860073,   0.0
                   -0.271987587609784,                 -0.18097789728825608,                        0.05091114935921896,                          0.183315223832704,                    24.270803040500866,                2.5131153258386734,                 0.16934252270266079,                 -0.1154706433881349,                      -0.20878566201826615,                      -0.20951698007039848,                   1.9224591215420894, -57897.77485633349,    1.2827675550708706, -57896.49208877842,   0.0
                   0.2705632552896179,                   0.5578515298436562,                       -0.12363495039486837,                        0.16173079581711175,                    1.8742525994688486,                1.2983962100999553,                0.056291318539052844,                  0.2839613742051274,                       0.15817997575189216,                       0.06744523010174303,                   14.478544149409696, -75241.34644803543,     3.350200840613787, -75237.99624719482,   0.0
                  -0.4788998213839751,                 -0.08776771665352591,                        -0.3355020613945662,                        0.22326119053056717,                     6.641272492690673,                1.7865957667434829,                  0.1020196352414752,                 0.16486792722846122,                      -0.16539185709831009,                       -0.1316262223763552,                   14.545081513080223, -86271.06203969098,    1.5188517585300907, -86269.54318793245,   0.0
                  0.17421801606375803,                -0.011589474601371904,                       -0.46943160043839927,                        -0.2457443314140318,                     5.210552022940767,                1.9332682980168863,                 -0.4787621235810265,                 0.07467000741290493,                      -0.10126103512362239,                       -0.7200093740333832,                   29.380212397876207,  -79203.9254887761,    -1.879476658247219, -79205.80496543435,   0.0
                -0.051008171131878915,                 0.006149784699361863,                       -0.03052464339534741,                       -0.47743715687053845,                     29.61699512761329,                1.1180937480144455,                  0.3865992833968723,                  -0.618114093699059,                       0.11724551398880352,                       0.18477736400977512,                   7.0921486327200265,-121390.52919876407,     2.573551678016498,-121387.95564708606,   0.0
                 -0.07648975311974263,                 -0.37486464104312817,                       -0.15036713064211973,                       -0.39426106663066035,                     26.59828107446019,                3.5534141124601106,                 0.32606858857774174,                -0.13258350300194444,                       -0.1751659873684681,                       -0.5318229686308108,                   21.509681471459977,  -94121.7409359767,  -0.08585987354353097, -94121.82679585025,   0.0
                  -0.4220282725049893,                 -0.09157467896897084,                        -0.1078239177448927,                         0.7334365708532496,                     14.14830239585902,                 3.489006322459887,                -0.08451214689002967,               -0.032356738252825146,                     0.0040039486831879795,                      -0.02019211932929129,                    8.945471144590366,-101775.97180036454,   -0.8302951141905787,-101776.80209547874,   0.0
                  0.39659928880515194,                    0.150958305868312,                        0.16185561860703468,                       -0.04934906817873732,                    11.013044320535357,                2.2795617149521457,                -0.27471591026299635,               -0.008509132767025227,                       0.04705405134144947,                       -0.6446678563139957,                    26.43384476815723,  -96654.7168277201,   0.08344516388337953, -96654.63338255622,   0.0
                 -0.21362672993824586,                  -0.3951316161310075,                       -0.12580974783231358,                         0.2283424900549833,                    19.501086240137145,                 4.767304159853001,                 0.06673278159556484,                -0.24704871320589844,                        0.4874676795220753,                     -0.030360107121735022,                    4.064849399128455,  -63526.7973560205,    0.9254423993434163, -63525.87191362116,   0.0
                0.0013827803647856083,                  -0.4890274989379042,                        0.08541689078888276,                       -0.11293857709215382,                      4.60893316583923,                3.4476260510356687,                 -0.5654173000005781,                 0.09989470280927366,                       -0.1168755475373218,                        0.2275855492988862,                   21.955917048515932, -72715.57909094305,     3.828677920173805, -72711.75041302288,   0.0
               -0.0017936207162608736,                 -0.06658535586400058,                        0.22720298005341327,                       -0.28109814372318576,                    15.559401806026079,                1.7463012444164008,               0.0012230600747040277,                 -0.4192780351339934,                       0.06992153729144242,                        0.3487955336701912,                   27.670732882501106,-118871.12912123076,    0.7160581911654837, -118870.4130630396,   0.0
                   -0.346226865711027,                  0.10522940940493336,                        0.12045149233768815,                       0.006652078797712895,                    29.161979972491764,                3.6109811399661496,                 0.10898848059880771,                 0.24679004947739094,                       -0.1924648199749456,                     -0.042601853880413564,                   24.877573467647714,  -84286.1911044958,    1.9786802158877368,  -84284.2124242799,   0.0
                  0.11533214744211737,                   0.0419932761165178,                       -0.22148939404045473,                       0.037872596119914746,                    23.985547117543142,                 4.956069804075892,                  0.5071877724177538,                -0.06499353502699695,                      -0.01758765315929802,                     -0.040498402508507066,                   11.853829162940345,-35460.271033446916,    2.3884999529543776, -35457.88253349396,   0.0
                   0.3436493406053261,                   -0.741308509193074,                        0.09483467852613278,                        0.05988727758276246,                    22.458251328950745,                 3.690502801025608,                    0.62757973138971,                 -0.2889403506066003,                        0.6155959094782156,                      -0.08660211151022575,                    7.638677178730545, -96044.20079289029,     5.287669200783677,  -96038.9131236895,   0.0
                 -0.08371477046107832,                  -0.5478017427447358,                       -0.10901143509353058,                       -0.16585643916092038,                   0.21664955250116247,                 4.680340016977645,                 -0.3787779782791314,                 -0.6750976805251666,                       0.42463746850269135,                       0.28990645754230315,                    20.15493496298168,-121869.68453520584,     4.491181941034823,-121865.19335326481,   0.0
                 0.025878747526529994,                   0.3228824836103088,                      -0.018330219015475747,                         0.5199352056883422,                    25.477978714280702,                 4.435754383510699,                 0.05854388624020359,                 -0.2840024286153856,                      -0.24529602612570617,                        0.2551598981655021,                    8.476425208692644, -74656.53712157618,-0.0060831550240365295,  -74656.5432047312,   0.0
                 -0.16107206674661906,                  0.10184233371218006,                        0.13573230172594514,                      -0.017702242317765408,                    27.279275797397055,                2.9052075325514632,                 0.25912176398597575,                -0.16828179053220696,                       -0.2162180039799678,                        0.5374476560074299,                    14.60782014432137, -94280.56320963665,  -0.09286181531949311, -94280.65607145197,   0.0
                  0.19854769532332278,                   0.2642456709440448,                       -0.01278050836195871,                       0.002370180830680286,                     17.24884751414757,                 1.930323565850827,                0.025954705743383665,                  -0.654380721579015,                       -0.5137322256488887,                       0.17994618876351173,                   29.923438398260842,-106653.52762522522,    2.4861507506443816,-106651.04147447458,   0.0
                   -0.114353417473158,                 -0.11375780484813383,                       -0.30083866412490096,                       -0.07243105238581958,                     14.00475218919533,                2.2709954474792786,                  0.1122996686362456,                 0.17011440087923585,                      -0.10500330395773708,                      -0.07096945622634176,                    7.481832146624586, -84575.02697519331,    0.8977663211397012, -84574.12920887217,   0.0
                 0.010308824062204701,                 -0.23603558722073617,                        0.05615109510473986,                        0.20639500065077973,                    23.871404915815273,                 2.080669382768612,                 0.08204602498069351,                -0.24474796193951934,                       -0.3288822175922135,                       0.45021870063214153,                   27.794593753591723,-107374.24269806244,  -0.15731811396136053,-107374.40001617641,   0.0
                 -0.07392977799032041,                   0.5203160679123275,                       -0.13072307865469113,                       -0.06878887371540233,                    21.078898270672713,                1.1730394818980234,                  0.2829495723879513,                   0.139618010515553,                       0.24811296013844963,                        0.7281774489167571,                   2.8155719594893203,-115642.83857599799,  -0.17795561794906245,-115643.01653161594,   0.0
                 -0.08049450051504747,                   0.4021415756835809,                        0.25792356268971967,                        -0.1995842533056769,                     9.303128976415675,                3.5404744290128356,                  -0.099335220572676,                 0.19080776508722957,                       -0.6318787043042648,                      -0.24462073266505752,                    3.573248660294065, -72051.82246035877,   -0.8064075003237167,  -72052.6288678591,   0.0
                   0.5606620155169938,                  0.17745082855803904,                       0.056032087475986925,                        0.15074744178549357,                    17.778233178978763,                 4.400846546017964,                 0.23730297382682242,                -0.14609683855607009,                      -0.15717423400992012,                       0.23953114797887196,                   27.359760868420253, -86544.20824366283,     2.896595391303495, -86541.31164827153,   0.0
                   0.3345573061051824,                  -0.5991632235500016,                       -0.07015418256098199,                       -0.10664882616883277,                    2.6138022508695915,                1.7452873857490063,                 -0.0955364432378996,                 -0.2862834571680131,                         -0.44057232680628,                       0.19926201477186048,                   1.3555664603555895, -52605.54499502331,    2.8763803864323743,-52602.668614636874,   0.0
                  0.27484125567528067,                 -0.41241603590623177,                         0.0928604295560337,                       -0.19729904187371008,                      9.17135966791598,                3.2042280328502395,                 -0.2315149340554042,                  0.2821963376892774,                        0.5812824677373226,                      -0.13270222298380452,                   20.877205560661857, -80936.51105898523,     1.009179271871654, -80935.50187971335,   0.0
                  0.42306471875796353,                  -0.5151858264501887,                         0.3367875868862913,                         0.2529253977903706,                     8.330823881033714,                 4.525621625961063,                 0.06018607610960578,                -0.10794664237321207,                       -0.6468092352342867,                       0.10367292706218986,                   11.705339494645782, -91636.16666229456,   0.32783568113544803, -91635.83882661343,   0.0
                   0.8616546253313622,                  -0.1518383838658933,                        0.14168866574945377,                        0.08507927233383517,                    20.673106250932086,                 3.884740994478183,                -0.08968221084540075,                 0.19674276960578513,                      -0.22860628483540477,                       0.13526547477771828,                   14.765044046592136,-108840.69598152737,     5.112362495115894,-108835.58361903226,   0.0
                 -0.07374148077363829,                  0.37983103534218204,                        0.08626191249445427,                      -0.001368464306932651,                    27.139875782486154,                 4.201518980936141,               -0.006388453061267839,                 -0.2855434496717186,                       0.04204941731055079,                       -0.5001799086319143,                    27.25662374496182, -72370.41233161358,     0.987427766523614, -72369.42490384706,   0.0
                 -0.22770817257274312,                  -0.2105382899514017,                        -0.3652499097518551,                       -0.15881035534725188,                       23.222250601752,                 3.512570274546462,                  0.4988121120138589,                 0.28790473722130605,                       0.16208359934655112,                       0.12283727766121937,                   18.756712139635514, -76195.07390428724,      2.40963620017287, -76192.66426808707,   0.0
                  0.09240122719829978,                 -0.07590721595463969,                        0.02016320108717019,                        -0.4713892753672136,                     6.425535771985129,                1.1454779261879087,                 0.08603452386728445,                -0.14742824044939737,                      -0.47258699971770063,                       0.25423255467921996,                   14.898737218864136, -117299.5479057965,   -1.4517075713163525,-117300.99961336782,   0.0
                  -0.0845181132846701,                   0.1897611934357874,                       -0.09528127031747684,                        0.14906461267053622,                     22.66902735839882,                 3.291638447952999,                 0.10796346658385585,                0.019863276606822848,                        0.1856246649126518,                      -0.25337623775623636,                    19.54662877061582,  -69712.4383097849,    0.7282847550379039, -69711.71002502987,   0.0
                  0.39036714153696916,                  0.24204838202621493,                        0.15496726410039316,                        -0.3823097042884035,                    3.8225241965398773,                 4.214457879065513,                 -0.3043302171094658,                 0.30527292440162973,                       0.03874662446356312,                       0.11425148887101619,                    16.30612551043701, -93230.01930262039,    2.3216382479550677, -93227.69766437243,   0.0
                  0.07034417017508308,                  -0.2888713439148861,                        0.48997896761570825,                        0.03855890858945822,                    21.183040018575777,                 4.454619982738751,                 0.02387486396012946,                -0.32979537502903017,                      -0.16369405082138241,                        0.3099968554297949,                    24.29956324556853,-100136.19961376933,   0.21729317042711413,-100135.98232059891,   0.0
                  -0.1767315579983255,                  -0.3931575337462035,                        -0.1479049009041207,                         0.3217204579519645,                     9.757893979429053,                 0.827384710032126,                -0.05794427423402885,                 -0.1792598101474995,                        0.5757169789036148,                       0.34979823317028663,                    5.536572378974267,-124004.83761800746,   -0.8447081154791496,-124005.68232612293,   0.0
                  -0.0448451355721503,                -0.009926829564050044,                       -0.36762888182876974,                         0.2987721454074261,                     7.068421753025172,                1.5632209264807544,                 0.11498005785065252,                -0.05445360383754618,                       0.26932759184086213,                        0.2519452768437754,                   11.633964142778582, -82535.26267251502,    -0.757175220779692, -82536.01984773579,   0.0
                  0.07166409693416374,                 -0.49409057078633484,                       -0.21798697992393373,                        -0.3471434485348814,                    16.239090773917056,                2.6854310862271538,                0.043719856954950884,              -0.0027966685721574898,                      -0.20647524555016983,                      -0.44984693179332363,                   18.973172880001652, -98069.96374616057,   0.24445601757308644,   -98069.719290143,   0.0
                 -0.18071929128220107,                 -0.35500566317296584,                        0.12765660032571124,                         -0.233663842396857,                    1.6638839594054333,                1.2897389756159203,                -0.24878048651778267,                 -0.9521251527668039,                       -0.3216012740144636,                        -0.402806846633984,                    9.071172392441596, -79640.99249070419,     5.535497630382137,  -79635.4569930738,   0.0
                 -0.34710318364806597,                   0.4697517754666744,                         -0.283490694209957,                       -0.04943818715544665,                    21.467353919767017,                1.1223471182247082,                 -0.3134051454872634,               -0.011851068196144147,                      -0.07554448876395001,                   -0.00015116775830826767,                   29.827494314986595,-129758.93144317086,    3.0935292796294114,-129755.83791389123,   0.0
                 -0.23337036339479394,                  0.24265055489843765,                       -0.45800324653620184,                        0.10988906872377863,                    0.7963831953247469,                 4.897367178982554,                 0.31427502829206555,                -0.15108537893532312,                     -0.006102135230326541,                         0.294918626881041,                   16.307154934634895, -76360.54653766603,    0.7329032054086235, -76359.81363446062,   0.0
                 -0.14688928161793408,                  0.06736589661501098,                       -0.19036747029607706,                         0.0249388927940241,                    12.507526434652526,                1.2661490237993835,                 0.17386500814455463,                  -0.448727802326387,                       -0.3335702490420502,                      0.034559405774545644,                   26.238180706890656,-116541.72407628303,    1.7456550464278955, -116539.9784212366,   0.0
                  -0.2131543907240897,                 -0.41312190929259096,                       -0.49280680096516194,                      -0.021330667115317125,                     17.05626898423011,                 4.531234696567795,                 0.07076730181759497,                 0.17930058451985514,                       0.03931514252096359,                       -0.6796764141142594,                   14.379110436787897,  -77927.0490592619,   -1.3761958033393973, -77928.42525506525,   0.0
                  0.11708153245815847,                  -0.4806561671532107,                        0.04602848948140351,                        0.17621616511454344,                     4.342491629679202,                3.3773540457626625,                 0.13041373481639465,                 0.39066798616557313,                      -0.11814067696077037,                       -0.4128068935046191,                   24.656128731751572,-62089.922821970045,     2.237071842620813, -62087.68575012743,   0.0
                  -0.1612103261855694,                   0.4292013125929555,                       -0.08932002250610818,                       -0.35624817689427735,                     3.572089598348377,                  3.01992066820938,                 0.13269131437377651,                0.004719676166741509,                      0.012224955715485871,                       0.10536151208653854,                   0.9419223479595917, -19802.89144989879,    1.5974069769655064,-19801.294042921825,   1.0
                  -0.2543046590567838,                   0.6166448626149822,                         0.3599965134859611,                        -0.2188354846741601,                    12.047985892552472,                 4.667044398583855,                 0.04889158302729987,                -0.11310414438986965,                       0.14974479849368943,                     -0.008125701605135264,                    7.381087269908826,-104911.09365172441,     2.588730428510318, -104908.5049212959,   0.0
                 0.007934534222885377,                  -0.1510735600029724,                        -0.4574604865554235,                         0.2475874237276951,                    3.5754613988031436,                 4.977268447398044,                -0.17893928699962838,                 -0.5055744217648775,                      -0.12046217570406409,                       -0.3335009109242454,                   1.6510319539882268,-30740.703368828614,     0.666945036457138,-30740.036423792157,   0.0
                  0.07015838655713838,                  0.14983836151536115,                         0.3148305176600198,                         0.1576516574564024,                    15.490124921519374,                 3.714799548926428,                -0.25195379815818136,                -0.11085224704423866,                          0.64172977514928,                     -0.005866450979611009,                    11.20496387993009,  -78581.0417405178,   -1.2602131183867518, -78582.30195363618,   0.0
                 0.007697545258052047,                   0.3204737855788073,                        0.17499902004526258,                        -0.2900634852072963,                     18.00957015919556,                 4.574315367774417,                -0.32070806182845185,                -0.05935364702761258,                        0.3063886240659056,                       -0.2977946993456612,                    23.81531341467835, -81071.59494960213,    0.6536936040729338, -81070.94125599806,   0.0
                 -0.22707561528045664,                  0.22400661233352387,                        0.18684227278729917,                         0.1953060199264527,                    25.251943654104405,                1.6542304268133639,               -0.024559977065623514,                 0.22744636397461152,                       -0.1224368115022462,                       -0.3125319113280451,                    8.089768672893165,-120911.87517119966,    0.9677704499238646,-120910.90740074974,   0.0
                 -0.24078991825444218,                 0.036362596671131474,                      -0.013258215045248793,                        -0.4180787594507836,                     27.74120497301841,                3.3901647980570173,                0.028703710610048398,                 0.24544747959005037,                      -0.04423244465581408,                     -0.026834241487104935,                   18.912942935503793, -95669.90854008975,    0.8253942427526971, -95669.08314584699,   0.0
                  0.08486361271856714,                 0.049805411872666565,                        0.18798712638452386,                        -0.4616669883529181,                    25.709125384081048,                 3.789115942710623,                 -0.5495583288612107,                -0.07790576896381858,                        0.1742112923992997,                       -0.5594348073385252,                    12.75123073457097,-101414.57064298088,  -0.37879767264452524,-101414.94944065352,   0.0
                  0.29810837482025565,                   0.1813421529680157,                         0.4322336566129986,                         0.2357712200613793,                    12.135057405392896,                1.8429591314370675,                  -0.253200403154319,                 0.19621568630833963,                      0.001998877912827687,                        -0.255679886958964,                    7.186124080156008,-115106.36930692986,    0.6800955799885081,-115105.68921134988,   0.0
                   0.5719410548173084,                 -0.10852150528613042,                       -0.21644068638735323,                        0.09722082579470141,                    2.2756561631121874,                3.8985130555851084,                 0.10117698656765288,                -0.25553012639602135,                       0.10384826932616893,                       0.21641587771017132,                   2.0736134969385556, -54641.22950231663,    2.8130552659738757, -54638.41644705066,   0.0
