{
    "type": "list",
    "values": [
        {
            "type": "instance",
            "class_path": "autogalaxy.galaxy.galaxy.Galaxy",
            "arguments": {
                "label": "cls2",
                "redshift": 0.5,
                "bulge": {
                    "type": "instance",
                    "class_path": "autogalaxy.profiles.light.standard.sersic.Sersic",
                    "arguments": {
                        "effective_radius": 19.0485987872867,
                        "intensity": {
                            "type": "ndarray",
                            "array": 0.0011529877712077646,
                            "dtype": "float64"
                        },
                        "sersic_index": 4.553126464677023,
                        "centre": {
                            "type": "tuple",
                            "values": [
                                -0.25299090739362895,
                                -0.131848931469395
                            ]
                        },
                        "ell_comps": {
                            "type": "tuple",
                            "values": [
                                -0.2756852659437725,
                                0.3321446786299403
                            ]
                        }
                    }
                },
                "disk": {
                    "type": "instance",
                    "class_path": "autogalaxy.profiles.light.standard.exponential.Exponential",
                    "arguments": {
                        "ell_comps": {
                            "type": "tuple",
                            "values": [
                                0.03704889608796787,
                                -0.03201904093029594
                            ]
                        },
                        "centre": {
                            "type": "tuple",
                            "values": [
                                -0.25299090739362895,
                                -0.131848931469395
                            ]
                        },
                        "intensity": {
                            "type": "ndarray",
                            "array": 0.8296738379335354,
                            "dtype": "float64"
                        },
                        "effective_radius": 1.3142375928983008
                    }
                }
            }
        }
    ]
}