{
    "type": "instance",
    "class_path": "autofit.non_linear.samples.summary.SamplesSummary",
    "arguments": {
        "errors_at_sigma_3": {
            "type": "dict",
            "arguments": {
                "galaxies.galaxy.bulge.ell_comps.ell_comps_0": {
                    "type": "tuple",
                    "values": [
                        0.4130312376391161,
                        0.9861048855166091
                    ]
                },
                "galaxies.galaxy.bulge.ell_comps.ell_comps_1": {
                    "type": "tuple",
                    "values": [
                        0.9762068208346311,
                        0.41702984872940435
                    ]
                },
                "galaxies.galaxy.bulge.effective_radius": {
                    "type": "tuple",
                    "values": [
                        18.7864276873024,
                        10.710548079828886
                    ]
                },
                "galaxies.galaxy.bulge.sersic_index": {
                    "type": "tuple",
                    "values": [
                        3.7282658733148804,
                        0.36704919046073314
                    ]
                },
                "galaxies.galaxy.bulge.centre.centre_0": {
                    "type": "tuple",
                    "values": [
                        0.7055002506169997,
                        0.9860535857164768
                    ]
                },
                "galaxies.galaxy.bulge.centre.centre_1": {
                    "type": "tuple",
                    "values": [
                        0.5587795873251188,
                        0.7673507958120929
                    ]
                },
                "galaxies.galaxy.disk.ell_comps.ell_comps_0": {
                    "type": "tuple",
                    "values": [
                        0.828941708085164,
                        0.6550753160478515
                    ]
                },
                "galaxies.galaxy.disk.ell_comps.ell_comps_1": {
                    "type": "tuple",
                    "values": [
                        0.6175710157345649,
                        0.7185916176829552
                    ]
                },
                "galaxies.galaxy.disk.effective_radius": {
                    "type": "tuple",
                    "values": [
                        0.9126918105596615,
                        28.494709015990736
                    ]
                }
            }
        },
        "median_pdf_sample": {
            "type": "instance",
            "class_path": "autofit.non_linear.samples.sample.Sample",
            "arguments": {
                "log_likelihood": -31378.776039682234,
                "log_prior": 0.5472835233434374,
                "weight": 1.0,
                "kwargs": {
                    "type": "dict",
                    "arguments": {
                        "galaxies.galaxy.bulge.ell_comps.ell_comps_0": -0.2756852659437725,
                        "galaxies.galaxy.bulge.ell_comps.ell_comps_1": 0.3321446786299403,
                        "galaxies.galaxy.bulge.effective_radius": 19.0485987872867,
                        "galaxies.galaxy.bulge.sersic_index": 4.553126464677023,
                        "galaxies.galaxy.disk.centre.centre_0": -0.25299090739362895,
                        "galaxies.galaxy.disk.centre.centre_1": -0.131848931469395,
                        "galaxies.galaxy.disk.ell_comps.ell_comps_0": 0.03704889608796787,
                        "galaxies.galaxy.disk.ell_comps.ell_comps_1": -0.03201904093029594,
                        "galaxies.galaxy.disk.effective_radius": 1.3142375928983008
                    }
                }
            }
        },
        "values_at_sigma_3": {
            "type": "dict",
            "arguments": {
                "galaxies.galaxy.bulge.ell_comps.ell_comps_0": {
                    "type": "tuple",
                    "values": [
                        -0.6887165035828886,
                        0.7104196195728366
                    ]
                },
                "galaxies.galaxy.bulge.ell_comps.ell_comps_1": {
                    "type": "tuple",
                    "values": [
                        -0.6440621422046907,
                        0.7491745273593446
                    ]
                },
                "galaxies.galaxy.bulge.effective_radius": {
                    "type": "tuple",
                    "values": [
                        0.2621710999843019,
                        29.759146867115586
                    ]
                },
                "galaxies.galaxy.bulge.sersic_index": {
                    "type": "tuple",
                    "values": [
                        0.8248605913621425,
                        4.920175655137756
                    ]
                },
                "galaxies.galaxy.bulge.centre.centre_0": {
                    "type": "tuple",
                    "values": [
                        -0.9584911580106287,
                        0.7330626783228479
                    ]
                },
                "galaxies.galaxy.bulge.centre.centre_1": {
                    "type": "tuple",
                    "values": [
                        -0.6906285187945138,
                        0.6355018643426978
                    ]
                },
                "galaxies.galaxy.disk.ell_comps.ell_comps_0": {
                    "type": "tuple",
                    "values": [
                        -0.7918928119971961,
                        0.6921242121358194
                    ]
                },
                "galaxies.galaxy.disk.ell_comps.ell_comps_1": {
                    "type": "tuple",
                    "values": [
                        -0.6495900566648608,
                        0.6865725767526593
                    ]
                },
                "galaxies.galaxy.disk.effective_radius": {
                    "type": "tuple",
                    "values": [
                        0.40154578233863925,
                        29.808946608889038
                    ]
                }
            }
        },
        "errors_at_sigma_1": {
            "type": "dict",
            "arguments": {
                "galaxies.galaxy.bulge.ell_comps.ell_comps_0": {
                    "type": "tuple",
                    "values": [
                        0.4130312376391161,
                        0.9861048855166091
                    ]
                },
                "galaxies.galaxy.bulge.ell_comps.ell_comps_1": {
                    "type": "tuple",
                    "values": [
                        0.9762068208346311,
                        0.41702984872940435
                    ]
                },
                "galaxies.galaxy.bulge.effective_radius": {
                    "type": "tuple",
                    "values": [
                        18.7864276873024,
                        10.710548079828886
                    ]
                },
                "galaxies.galaxy.bulge.sersic_index": {
                    "type": "tuple",
                    "values": [
                        3.7282658733148804,
                        0.36704919046073314
                    ]
                },
                "galaxies.galaxy.bulge.centre.centre_0": {
                    "type": "tuple",
                    "values": [
                        0.7055002506169997,
                        0.9860535857164768
                    ]
                },
                "galaxies.galaxy.bulge.centre.centre_1": {
                    "type": "tuple",
                    "values": [
                        0.5587795873251188,
                        0.7673507958120929
                    ]
                },
                "galaxies.galaxy.disk.ell_comps.ell_comps_0": {
                    "type": "tuple",
                    "values": [
                        0.828941708085164,
                        0.6550753160478515
                    ]
                },
                "galaxies.galaxy.disk.ell_comps.ell_comps_1": {
                    "type": "tuple",
                    "values": [
                        0.6175710157345649,
                        0.7185916176829552
                    ]
                },
                "galaxies.galaxy.disk.effective_radius": {
                    "type": "tuple",
                    "values": [
                        0.9126918105596615,
                        28.494709015990736
                    ]
                }
            }
        },
        "model": null,
        "max_log_likelihood_sample": {
            "type": "instance",
            "class_path": "autofit.non_linear.samples.sample.Sample",
            "arguments": {
                "log_likelihood": -31378.776039682234,
                "log_prior": 0.5472835233434374,
                "weight": 1.0,
                "kwargs": {
                    "type": "dict",
                    "arguments": {
                        "galaxies.galaxy.bulge.ell_comps.ell_comps_0": -0.2756852659437725,
                        "galaxies.galaxy.bulge.ell_comps.ell_comps_1": 0.3321446786299403,
                        "galaxies.galaxy.bulge.effective_radius": 19.0485987872867,
                        "galaxies.galaxy.bulge.sersic_index": 4.553126464677023,
                        "galaxies.galaxy.disk.centre.centre_0": -0.25299090739362895,
                        "galaxies.galaxy.disk.centre.centre_1": -0.131848931469395,
                        "galaxies.galaxy.disk.ell_comps.ell_comps_0": 0.03704889608796787,
                        "galaxies.galaxy.disk.ell_comps.ell_comps_1": -0.03201904093029594,
                        "galaxies.galaxy.disk.effective_radius": 1.3142375928983008
                    }
                }
            }
        },
        "values_at_sigma_1": {
            "type": "dict",
            "arguments": {
                "galaxies.galaxy.bulge.ell_comps.ell_comps_0": {
                    "type": "tuple",
                    "values": [
                        -0.6887165035828886,
                        0.7104196195728366
                    ]
                },
                "galaxies.galaxy.bulge.ell_comps.ell_comps_1": {
                    "type": "tuple",
                    "values": [
                        -0.6440621422046907,
                        0.7491745273593446
                    ]
                },
                "galaxies.galaxy.bulge.effective_radius": {
                    "type": "tuple",
                    "values": [
                        0.2621710999843019,
                        29.759146867115586
                    ]
                },
                "galaxies.galaxy.bulge.sersic_index": {
                    "type": "tuple",
                    "values": [
                        0.8248605913621425,
                        4.920175655137756
                    ]
                },
                "galaxies.galaxy.bulge.centre.centre_0": {
                    "type": "tuple",
                    "values": [
                        -0.9584911580106287,
                        0.7330626783228479
                    ]
                },
                "galaxies.galaxy.bulge.centre.centre_1": {
                    "type": "tuple",
                    "values": [
                        -0.6906285187945138,
                        0.6355018643426978
                    ]
                },
                "galaxies.galaxy.disk.ell_comps.ell_comps_0": {
                    "type": "tuple",
                    "values": [
                        -0.7918928119971961,
                        0.6921242121358194
                    ]
                },
                "galaxies.galaxy.disk.ell_comps.ell_comps_1": {
                    "type": "tuple",
                    "values": [
                        -0.6495900566648608,
                        0.6865725767526593
                    ]
                },
                "galaxies.galaxy.disk.effective_radius": {
                    "type": "tuple",
                    "values": [
                        0.40154578233863925,
                        29.808946608889038
                    ]
                }
            }
        },
        "log_evidence": -31383.38120986822
    }
}