{
    "type": "list",
    "values": [
        {
            "type": "instance",
            "class_path": "autogalaxy.galaxy.galaxy.Galaxy",
            "arguments": {
                "redshift": 0.5,
                "label": "cls2",
                "bulge": {
                    "type": "instance",
                    "class_path": "autogalaxy.profiles.light.standard.sersic.Sersic",
                    "arguments": {
                        "intensity": {
                            "type": "ndarray",
                            "array": 2.2640217529966216,
                            "dtype": "float64"
                        },
                        "ell_comps": {
                            "type": "tuple",
                            "values": [
                                0.07738905091458388,
                                0.020023057666244876
                            ]
                        },
                        "centre": {
                            "type": "tuple",
                            "values": [
                                0.002179663718112829,
                                0.001408684719607184
                            ]
                        },
                        "effective_radius": 0.38173078889939405,
                        "sersic_index": 1.7634606608235153
                    }
                },
                "disk": {
                    "type": "instance",
                    "class_path": "autogalaxy.profiles.light.standard.exponential.Exponential",
                    "arguments": {
                        "centre": {
                            "type": "tuple",
                            "values": [
                                0.002179663718112829,
                                0.001408684719607184
                            ]
                        },
                        "effective_radius": 1.6573463658632,
                        "intensity": {
                            "type": "ndarray",
                            "array": 0.5286396340448664,
                            "dtype": "float64"
                        },
                        "ell_comps": {
                            "type": "tuple",
                            "values": [
                                0.13739631973859853,
                                0.07541220516421415
                            ]
                        }
                    }
                }
            }
        }
    ]
}