{
    "type": "instance",
    "class_path": "autofit.non_linear.samples.summary.SamplesSummary",
    "arguments": {
        "values_at_sigma_1": {
            "type": "dict",
            "arguments": {
                "galaxies.galaxy.bulge.ell_comps.ell_comps_0": {
                    "type": "tuple",
                    "values": [
                        0.07270877876842727,
                        0.0766784407046466
                    ]
                },
                "galaxies.galaxy.bulge.ell_comps.ell_comps_1": {
                    "type": "tuple",
                    "values": [
                        0.018783534927823423,
                        0.022621735023465032
                    ]
                },
                "galaxies.galaxy.bulge.effective_radius": {
                    "type": "tuple",
                    "values": [
                        0.43760214601674935,
                        0.5196591613573638
                    ]
                },
                "galaxies.galaxy.bulge.sersic_index": {
                    "type": "tuple",
                    "values": [
                        1.9257493012501246,
                        2.119742256775504
                    ]
                },
                "galaxies.galaxy.bulge.centre.centre_0": {
                    "type": "tuple",
                    "values": [
                        0.0012572138099593924,
                        0.002338827599044861
                    ]
                },
                "galaxies.galaxy.bulge.centre.centre_1": {
                    "type": "tuple",
                    "values": [
                        0.0008994321841406767,
                        0.0017837016542774145
                    ]
                },
                "galaxies.galaxy.disk.ell_comps.ell_comps_0": {
                    "type": "tuple",
                    "values": [
                        0.14265268249352323,
                        0.14979635673610156
                    ]
                },
                "galaxies.galaxy.disk.ell_comps.ell_comps_1": {
                    "type": "tuple",
                    "values": [
                        0.07895099431318589,
                        0.08516239306001974
                    ]
                },
                "galaxies.galaxy.disk.effective_radius": {
                    "type": "tuple",
                    "values": [
                        1.7019564149591992,
                        1.7456850543104747
                    ]
                }
            }
        },
        "median_pdf_sample": {
            "type": "instance",
            "class_path": "autofit.non_linear.samples.sample.Sample",
            "arguments": {
                "log_likelihood": 4740.342938343219,
                "log_prior": 0.9716376958545027,
                "weight": 9.912375387332243e-05,
                "kwargs": {
                    "type": "dict",
                    "arguments": {
                        "galaxies.galaxy.bulge.ell_comps.ell_comps_0": 0.07464226701438496,
                        "galaxies.galaxy.bulge.ell_comps.ell_comps_1": 0.02069990548391492,
                        "galaxies.galaxy.bulge.effective_radius": 0.48517314339058687,
                        "galaxies.galaxy.bulge.sersic_index": 2.0427493043662,
                        "galaxies.galaxy.disk.centre.centre_0": 0.0018164094567936942,
                        "galaxies.galaxy.disk.centre.centre_1": 0.0013396820545615396,
                        "galaxies.galaxy.disk.ell_comps.ell_comps_0": 0.1465621217180737,
                        "galaxies.galaxy.disk.ell_comps.ell_comps_1": 0.08218208194395522,
                        "galaxies.galaxy.disk.effective_radius": 1.7289211484909865
                    }
                }
            }
        },
        "max_log_likelihood_sample": {
            "type": "instance",
            "class_path": "autofit.non_linear.samples.sample.Sample",
            "arguments": {
                "log_likelihood": 4740.342938343219,
                "log_prior": 0.9716376958545027,
                "weight": 9.912375387332243e-05,
                "kwargs": {
                    "type": "dict",
                    "arguments": {
                        "galaxies.galaxy.bulge.ell_comps.ell_comps_0": 0.07738905091458388,
                        "galaxies.galaxy.bulge.ell_comps.ell_comps_1": 0.020023057666244876,
                        "galaxies.galaxy.bulge.effective_radius": 0.38173078889939405,
                        "galaxies.galaxy.bulge.sersic_index": 1.7634606608235153,
                        "galaxies.galaxy.disk.centre.centre_0": 0.002179663718112829,
                        "galaxies.galaxy.disk.centre.centre_1": 0.001408684719607184,
                        "galaxies.galaxy.disk.ell_comps.ell_comps_0": 0.13739631973859853,
                        "galaxies.galaxy.disk.ell_comps.ell_comps_1": 0.07541220516421415,
                        "galaxies.galaxy.disk.effective_radius": 1.6573463658632
                    }
                }
            }
        },
        "values_at_sigma_3": {
            "type": "dict",
            "arguments": {
                "galaxies.galaxy.bulge.ell_comps.ell_comps_0": {
                    "type": "tuple",
                    "values": [
                        0.06940902045107178,
                        0.08121413142065748
                    ]
                },
                "galaxies.galaxy.bulge.ell_comps.ell_comps_1": {
                    "type": "tuple",
                    "values": [
                        0.015414514945174698,
                        0.026264198038296254
                    ]
                },
                "galaxies.galaxy.bulge.effective_radius": {
                    "type": "tuple",
                    "values": [
                        0.3728826755346174,
                        0.692719559491898
                    ]
                },
                "galaxies.galaxy.bulge.sersic_index": {
                    "type": "tuple",
                    "values": [
                        1.7404231468938525,
                        2.4395601995867953
                    ]
                },
                "galaxies.galaxy.bulge.centre.centre_0": {
                    "type": "tuple",
                    "values": [
                        0.0003071890111208236,
                        0.0030410414728589373
                    ]
                },
                "galaxies.galaxy.bulge.centre.centre_1": {
                    "type": "tuple",
                    "values": [
                        0.0001210846050940538,
                        0.0027389419497690624
                    ]
                },
                "galaxies.galaxy.disk.ell_comps.ell_comps_0": {
                    "type": "tuple",
                    "values": [
                        0.13657512984163647,
                        0.16371704880966406
                    ]
                },
                "galaxies.galaxy.disk.ell_comps.ell_comps_1": {
                    "type": "tuple",
                    "values": [
                        0.07438168106709593,
                        0.09653440773696545
                    ]
                },
                "galaxies.galaxy.disk.effective_radius": {
                    "type": "tuple",
                    "values": [
                        1.652258974441571,
                        1.7800634502732013
                    ]
                }
            }
        },
        "model": null,
        "errors_at_sigma_1": {
            "type": "dict",
            "arguments": {
                "galaxies.galaxy.bulge.ell_comps.ell_comps_0": {
                    "type": "tuple",
                    "values": [
                        0.0019334882459576958,
                        0.0020361736902616417
                    ]
                },
                "galaxies.galaxy.bulge.ell_comps.ell_comps_1": {
                    "type": "tuple",
                    "values": [
                        0.0019163705560914963,
                        0.0019218295395501128
                    ]
                },
                "galaxies.galaxy.bulge.effective_radius": {
                    "type": "tuple",
                    "values": [
                        0.04757099737383752,
                        0.034486017966776916
                    ]
                },
                "galaxies.galaxy.bulge.sersic_index": {
                    "type": "tuple",
                    "values": [
                        0.11700000311607539,
                        0.07699295240930404
                    ]
                },
                "galaxies.galaxy.bulge.centre.centre_0": {
                    "type": "tuple",
                    "values": [
                        0.0005591956468343018,
                        0.0005224181422511668
                    ]
                },
                "galaxies.galaxy.bulge.centre.centre_1": {
                    "type": "tuple",
                    "values": [
                        0.00044024987042086286,
                        0.000444019599715875
                    ]
                },
                "galaxies.galaxy.disk.ell_comps.ell_comps_0": {
                    "type": "tuple",
                    "values": [
                        0.003909439224550476,
                        0.003234235018027859
                    ]
                },
                "galaxies.galaxy.disk.ell_comps.ell_comps_1": {
                    "type": "tuple",
                    "values": [
                        0.003231087630769333,
                        0.0029803111160645185
                    ]
                },
                "galaxies.galaxy.disk.effective_radius": {
                    "type": "tuple",
                    "values": [
                        0.0269647335317873,
                        0.016763905819488167
                    ]
                }
            }
        },
        "log_evidence": 4683.520516423285,
        "errors_at_sigma_3": {
            "type": "dict",
            "arguments": {
                "galaxies.galaxy.bulge.ell_comps.ell_comps_0": {
                    "type": "tuple",
                    "values": [
                        0.005233246563313185,
                        0.006571864406272512
                    ]
                },
                "galaxies.galaxy.bulge.ell_comps.ell_comps_1": {
                    "type": "tuple",
                    "values": [
                        0.005285390538740222,
                        0.0055642925543813344
                    ]
                },
                "galaxies.galaxy.bulge.effective_radius": {
                    "type": "tuple",
                    "values": [
                        0.11229046785596947,
                        0.20754641610131114
                    ]
                },
                "galaxies.galaxy.bulge.sersic_index": {
                    "type": "tuple",
                    "values": [
                        0.3023261574723475,
                        0.3968108952205953
                    ]
                },
                "galaxies.galaxy.bulge.centre.centre_0": {
                    "type": "tuple",
                    "values": [
                        0.0015092204456728705,
                        0.0012246320160652431
                    ]
                },
                "galaxies.galaxy.bulge.centre.centre_1": {
                    "type": "tuple",
                    "values": [
                        0.0012185974494674857,
                        0.0013992598952075228
                    ]
                },
                "galaxies.galaxy.disk.ell_comps.ell_comps_0": {
                    "type": "tuple",
                    "values": [
                        0.009986991876437229,
                        0.01715492709159036
                    ]
                },
                "galaxies.galaxy.disk.ell_comps.ell_comps_1": {
                    "type": "tuple",
                    "values": [
                        0.0078004008768592925,
                        0.014352325793010226
                    ]
                },
                "galaxies.galaxy.disk.effective_radius": {
                    "type": "tuple",
                    "values": [
                        0.07666217404941555,
                        0.051142301782214794
                    ]
                }
            }
        }
    }
}